Item_ID,Description,Origin_Vault,Destination_Site,Weight_KG,Clearance_Level,Integrity_Checksum,Status
LP-CARGO-0001,"Sensor Calibration Array",Bunker-Bravo-04,Orbital-Tracking-Station,2.23,STANDARD,0x3ADE68B1,IN_TRANSIT
LP-CARGO-0002,"Lithium Battery Pack",Facility-Gamma-09,High-Sec-Lab-3,2.96,RESTRICTED,0x75BCD162,VERIFIED
LP-CARGO-0003,"Cryo Storage Module",Silo-Delta-12,Mobile-Command-Alpha,3.69,TOP_SECRET,0xB09B3A13,QUARANTINED
LP-CARGO-0004,"Fiber Optic Transceiver",Site-Alpha-01,Arctic-Outpost,4.42,RESTRICTED,0xEB79A2C4,STORED
LP-CARGO-0005,"Galois Field Coprocessor",Bunker-Bravo-04,Orbital-Tracking-Station,5.15,STANDARD,0x26580B75,CLEARED
LP-CARGO-0006,"Optical Diode Core",Facility-Gamma-09,High-Sec-Lab-3,5.88,TOP_SECRET,0x61367426,IN_TRANSIT
LP-CARGO-0007,"Sensor Calibration Array",Silo-Delta-12,Mobile-Command-Alpha,6.61,STANDARD,0x9C14DCD7,VERIFIED
LP-CARGO-0008,"Lithium Battery Pack",Site-Alpha-01,Arctic-Outpost,7.34,RESTRICTED,0xD6F34588,QUARANTINED
LP-CARGO-0009,"Cryo Storage Module",Bunker-Bravo-04,Orbital-Tracking-Station,8.07,TOP_SECRET,0x11D1AE39,STORED
LP-CARGO-0010,"Fiber Optic Transceiver",Facility-Gamma-09,High-Sec-Lab-3,8.80,RESTRICTED,0x4CB016EA,CLEARED
LP-CARGO-0011,"Galois Field Coprocessor",Silo-Delta-12,Mobile-Command-Alpha,9.53,STANDARD,0x878E7F9B,IN_TRANSIT
LP-CARGO-0012,"Optical Diode Core",Site-Alpha-01,Arctic-Outpost,10.26,TOP_SECRET,0xC26CE84C,VERIFIED
LP-CARGO-0013,"Sensor Calibration Array",Bunker-Bravo-04,Orbital-Tracking-Station,10.99,STANDARD,0xFD4B50FD,QUARANTINED
LP-CARGO-0014,"Lithium Battery Pack",Facility-Gamma-09,High-Sec-Lab-3,11.72,RESTRICTED,0x3829B9AE,STORED
LP-CARGO-0015,"Cryo Storage Module",Silo-Delta-12,Mobile-Command-Alpha,12.45,TOP_SECRET,0x7308225F,CLEARED
LP-CARGO-0016,"Fiber Optic Transceiver",Site-Alpha-01,Arctic-Outpost,13.18,RESTRICTED,0xADE68B10,IN_TRANSIT
LP-CARGO-0017,"Galois Field Coprocessor",Bunker-Bravo-04,Orbital-Tracking-Station,13.91,STANDARD,0xE8C4F3C1,VERIFIED
LP-CARGO-0018,"Optical Diode Core",Facility-Gamma-09,High-Sec-Lab-3,14.64,TOP_SECRET,0x23A35C72,QUARANTINED
LP-CARGO-0019,"Sensor Calibration Array",Silo-Delta-12,Mobile-Command-Alpha,15.37,STANDARD,0x5E81C523,STORED
LP-CARGO-0020,"Lithium Battery Pack",Site-Alpha-01,Arctic-Outpost,16.10,RESTRICTED,0x99602DD4,CLEARED
LP-CARGO-0021,"Cryo Storage Module",Bunker-Bravo-04,Orbital-Tracking-Station,16.83,TOP_SECRET,0xD43E9685,IN_TRANSIT
LP-CARGO-0022,"Fiber Optic Transceiver",Facility-Gamma-09,High-Sec-Lab-3,17.56,RESTRICTED,0x0F1CFF36,VERIFIED
LP-CARGO-0023,"Galois Field Coprocessor",Silo-Delta-12,Mobile-Command-Alpha,18.29,STANDARD,0x49FB67E7,QUARANTINED
LP-CARGO-0024,"Optical Diode Core",Site-Alpha-01,Arctic-Outpost,19.02,TOP_SECRET,0x84D9D098,STORED
LP-CARGO-0025,"Sensor Calibration Array",Bunker-Bravo-04,Orbital-Tracking-Station,19.75,STANDARD,0xBFB83949,CLEARED
LP-CARGO-0026,"Lithium Battery Pack",Facility-Gamma-09,High-Sec-Lab-3,20.48,RESTRICTED,0xFA96A1FA,IN_TRANSIT
LP-CARGO-0027,"Cryo Storage Module",Silo-Delta-12,Mobile-Command-Alpha,21.21,TOP_SECRET,0x35750AAB,VERIFIED
LP-CARGO-0028,"Fiber Optic Transceiver",Site-Alpha-01,Arctic-Outpost,21.94,RESTRICTED,0x7053735C,QUARANTINED
LP-CARGO-0029,"Galois Field Coprocessor",Bunker-Bravo-04,Orbital-Tracking-Station,22.67,STANDARD,0xAB31DC0D,STORED
LP-CARGO-0030,"Optical Diode Core",Facility-Gamma-09,High-Sec-Lab-3,23.40,TOP_SECRET,0xE61044BE,CLEARED
LP-CARGO-0031,"Sensor Calibration Array",Silo-Delta-12,Mobile-Command-Alpha,24.13,STANDARD,0x20EEAD6F,IN_TRANSIT
LP-CARGO-0032,"Lithium Battery Pack",Site-Alpha-01,Arctic-Outpost,24.86,RESTRICTED,0x5BCD1620,VERIFIED
LP-CARGO-0033,"Cryo Storage Module",Bunker-Bravo-04,Orbital-Tracking-Station,25.59,TOP_SECRET,0x96AB7ED1,QUARANTINED
LP-CARGO-0034,"Fiber Optic Transceiver",Facility-Gamma-09,High-Sec-Lab-3,26.32,RESTRICTED,0xD189E782,STORED
LP-CARGO-0035,"Galois Field Coprocessor",Silo-Delta-12,Mobile-Command-Alpha,2.05,STANDARD,0x0C685033,CLEARED
LP-CARGO-0036,"Optical Diode Core",Site-Alpha-01,Arctic-Outpost,2.78,TOP_SECRET,0x4746B8E4,IN_TRANSIT
LP-CARGO-0037,"Sensor Calibration Array",Bunker-Bravo-04,Orbital-Tracking-Station,3.51,STANDARD,0x82252195,VERIFIED
LP-CARGO-0038,"Lithium Battery Pack",Facility-Gamma-09,High-Sec-Lab-3,4.24,RESTRICTED,0xBD038A46,QUARANTINED
LP-CARGO-0039,"Cryo Storage Module",Silo-Delta-12,Mobile-Command-Alpha,4.97,TOP_SECRET,0xF7E1F2F7,STORED
LP-CARGO-0040,"Fiber Optic Transceiver",Site-Alpha-01,Arctic-Outpost,5.70,RESTRICTED,0x32C05BA8,CLEARED
LP-CARGO-0041,"Galois Field Coprocessor",Bunker-Bravo-04,Orbital-Tracking-Station,6.43,STANDARD,0x6D9EC459,IN_TRANSIT
LP-CARGO-0042,"Optical Diode Core",Facility-Gamma-09,High-Sec-Lab-3,7.16,TOP_SECRET,0xA87D2D0A,VERIFIED
LP-CARGO-0043,"Sensor Calibration Array",Silo-Delta-12,Mobile-Command-Alpha,7.89,STANDARD,0xE35B95BB,QUARANTINED
LP-CARGO-0044,"Lithium Battery Pack",Site-Alpha-01,Arctic-Outpost,8.62,RESTRICTED,0x1E39FE6C,STORED
LP-CARGO-0045,"Cryo Storage Module",Bunker-Bravo-04,Orbital-Tracking-Station,9.35,TOP_SECRET,0x5918671D,CLEARED
LP-CARGO-0046,"Fiber Optic Transceiver",Facility-Gamma-09,High-Sec-Lab-3,10.08,RESTRICTED,0x93F6CFCE,IN_TRANSIT
LP-CARGO-0047,"Galois Field Coprocessor",Silo-Delta-12,Mobile-Command-Alpha,10.81,STANDARD,0xCED5387F,VERIFIED
LP-CARGO-0048,"Optical Diode Core",Site-Alpha-01,Arctic-Outpost,11.54,TOP_SECRET,0x09B3A130,QUARANTINED
LP-CARGO-0049,"Sensor Calibration Array",Bunker-Bravo-04,Orbital-Tracking-Station,12.27,STANDARD,0x449209E1,STORED
LP-CARGO-0050,"Lithium Battery Pack",Facility-Gamma-09,High-Sec-Lab-3,13.00,RESTRICTED,0x7F707292,CLEARED
LP-CARGO-0051,"Cryo Storage Module",Silo-Delta-12,Mobile-Command-Alpha,13.73,TOP_SECRET,0xBA4EDB43,IN_TRANSIT
LP-CARGO-0052,"Fiber Optic Transceiver",Site-Alpha-01,Arctic-Outpost,14.46,RESTRICTED,0xF52D43F4,VERIFIED
LP-CARGO-0053,"Galois Field Coprocessor",Bunker-Bravo-04,Orbital-Tracking-Station,15.19,STANDARD,0x300BACA5,QUARANTINED
LP-CARGO-0054,"Optical Diode Core",Facility-Gamma-09,High-Sec-Lab-3,15.92,TOP_SECRET,0x6AEA1556,STORED
LP-CARGO-0055,"Sensor Calibration Array",Silo-Delta-12,Mobile-Command-Alpha,16.65,STANDARD,0xA5C87E07,CLEARED
LP-CARGO-0056,"Lithium Battery Pack",Site-Alpha-01,Arctic-Outpost,17.38,RESTRICTED,0xE0A6E6B8,IN_TRANSIT
LP-CARGO-0057,"Cryo Storage Module",Bunker-Bravo-04,Orbital-Tracking-Station,18.11,TOP_SECRET,0x1B854F69,VERIFIED
LP-CARGO-0058,"Fiber Optic Transceiver",Facility-Gamma-09,High-Sec-Lab-3,18.84,RESTRICTED,0x5663B81A,QUARANTINED
LP-CARGO-0059,"Galois Field Coprocessor",Silo-Delta-12,Mobile-Command-Alpha,19.57,STANDARD,0x914220CB,STORED
LP-CARGO-0060,"Optical Diode Core",Site-Alpha-01,Arctic-Outpost,20.30,TOP_SECRET,0xCC20897C,CLEARED
LP-CARGO-0061,"Sensor Calibration Array",Bunker-Bravo-04,Orbital-Tracking-Station,21.03,STANDARD,0x06FEF22D,IN_TRANSIT
LP-CARGO-0062,"Lithium Battery Pack",Facility-Gamma-09,High-Sec-Lab-3,21.76,RESTRICTED,0x41DD5ADE,VERIFIED
LP-CARGO-0063,"Cryo Storage Module",Silo-Delta-12,Mobile-Command-Alpha,22.49,TOP_SECRET,0x7CBBC38F,QUARANTINED
LP-CARGO-0064,"Fiber Optic Transceiver",Site-Alpha-01,Arctic-Outpost,23.22,RESTRICTED,0xB79A2C40,STORED
LP-CARGO-0065,"Galois Field Coprocessor",Bunker-Bravo-04,Orbital-Tracking-Station,23.95,STANDARD,0xF27894F1,CLEARED
LP-CARGO-0066,"Optical Diode Core",Facility-Gamma-09,High-Sec-Lab-3,24.68,TOP_SECRET,0x2D56FDA2,IN_TRANSIT
LP-CARGO-0067,"Sensor Calibration Array",Silo-Delta-12,Mobile-Command-Alpha,25.41,STANDARD,0x68356653,VERIFIED
LP-CARGO-0068,"Lithium Battery Pack",Site-Alpha-01,Arctic-Outpost,26.14,RESTRICTED,0xA313CF04,QUARANTINED
LP-CARGO-0069,"Cryo Storage Module",Bunker-Bravo-04,Orbital-Tracking-Station,1.87,TOP_SECRET,0xDDF237B5,STORED
LP-CARGO-0070,"Fiber Optic Transceiver",Facility-Gamma-09,High-Sec-Lab-3,2.60,RESTRICTED,0x18D0A066,CLEARED
LP-CARGO-0071,"Galois Field Coprocessor",Silo-Delta-12,Mobile-Command-Alpha,3.33,STANDARD,0x53AF0917,IN_TRANSIT
LP-CARGO-0072,"Optical Diode Core",Site-Alpha-01,Arctic-Outpost,4.06,TOP_SECRET,0x8E8D71C8,VERIFIED
LP-CARGO-0073,"Sensor Calibration Array",Bunker-Bravo-04,Orbital-Tracking-Station,4.79,STANDARD,0xC96BDA79,QUARANTINED
LP-CARGO-0074,"Lithium Battery Pack",Facility-Gamma-09,High-Sec-Lab-3,5.52,RESTRICTED,0x044A432A,STORED
LP-CARGO-0075,"Cryo Storage Module",Silo-Delta-12,Mobile-Command-Alpha,6.25,TOP_SECRET,0x3F28ABDB,CLEARED
LP-CARGO-0076,"Fiber Optic Transceiver",Site-Alpha-01,Arctic-Outpost,6.98,RESTRICTED,0x7A07148C,IN_TRANSIT
LP-CARGO-0077,"Galois Field Coprocessor",Bunker-Bravo-04,Orbital-Tracking-Station,7.71,STANDARD,0xB4E57D3D,VERIFIED
LP-CARGO-0078,"Optical Diode Core",Facility-Gamma-09,High-Sec-Lab-3,8.44,TOP_SECRET,0xEFC3E5EE,QUARANTINED
LP-CARGO-0079,"Sensor Calibration Array",Silo-Delta-12,Mobile-Command-Alpha,9.17,STANDARD,0x2AA24E9F,STORED
LP-CARGO-0080,"Lithium Battery Pack",Site-Alpha-01,Arctic-Outpost,9.90,RESTRICTED,0x6580B750,CLEARED
LP-CARGO-0081,"Cryo Storage Module",Bunker-Bravo-04,Orbital-Tracking-Station,10.63,TOP_SECRET,0xA05F2001,IN_TRANSIT
LP-CARGO-0082,"Fiber Optic Transceiver",Facility-Gamma-09,High-Sec-Lab-3,11.36,RESTRICTED,0xDB3D88B2,VERIFIED
LP-CARGO-0083,"Galois Field Coprocessor",Silo-Delta-12,Mobile-Command-Alpha,12.09,STANDARD,0x161BF163,QUARANTINED
LP-CARGO-0084,"Optical Diode Core",Site-Alpha-01,Arctic-Outpost,12.82,TOP_SECRET,0x50FA5A14,STORED
LP-CARGO-0085,"Sensor Calibration Array",Bunker-Bravo-04,Orbital-Tracking-Station,13.55,STANDARD,0x8BD8C2C5,CLEARED
LP-CARGO-0086,"Lithium Battery Pack",Facility-Gamma-09,High-Sec-Lab-3,14.28,RESTRICTED,0xC6B72B76,IN_TRANSIT
LP-CARGO-0087,"Cryo Storage Module",Silo-Delta-12,Mobile-Command-Alpha,15.01,TOP_SECRET,0x01959427,VERIFIED
LP-CARGO-0088,"Fiber Optic Transceiver",Site-Alpha-01,Arctic-Outpost,15.74,RESTRICTED,0x3C73FCD8,QUARANTINED
LP-CARGO-0089,"Galois Field Coprocessor",Bunker-Bravo-04,Orbital-Tracking-Station,16.47,STANDARD,0x77526589,STORED
LP-CARGO-0090,"Optical Diode Core",Facility-Gamma-09,High-Sec-Lab-3,17.20,TOP_SECRET,0xB230CE3A,CLEARED
LP-CARGO-0091,"Sensor Calibration Array",Silo-Delta-12,Mobile-Command-Alpha,17.93,STANDARD,0xED0F36EB,IN_TRANSIT
LP-CARGO-0092,"Lithium Battery Pack",Site-Alpha-01,Arctic-Outpost,18.66,RESTRICTED,0x27ED9F9C,VERIFIED
LP-CARGO-0093,"Cryo Storage Module",Bunker-Bravo-04,Orbital-Tracking-Station,19.39,TOP_SECRET,0x62CC084D,QUARANTINED
LP-CARGO-0094,"Fiber Optic Transceiver",Facility-Gamma-09,High-Sec-Lab-3,20.12,RESTRICTED,0x9DAA70FE,STORED
LP-CARGO-0095,"Galois Field Coprocessor",Silo-Delta-12,Mobile-Command-Alpha,20.85,STANDARD,0xD888D9AF,CLEARED
LP-CARGO-0096,"Optical Diode Core",Site-Alpha-01,Arctic-Outpost,21.58,TOP_SECRET,0x13674260,IN_TRANSIT
LP-CARGO-0097,"Sensor Calibration Array",Bunker-Bravo-04,Orbital-Tracking-Station,22.31,STANDARD,0x4E45AB11,VERIFIED
LP-CARGO-0098,"Lithium Battery Pack",Facility-Gamma-09,High-Sec-Lab-3,23.04,RESTRICTED,0x892413C2,QUARANTINED
LP-CARGO-0099,"Cryo Storage Module",Silo-Delta-12,Mobile-Command-Alpha,23.77,TOP_SECRET,0xC4027C73,STORED
LP-CARGO-0100,"Fiber Optic Transceiver",Site-Alpha-01,Arctic-Outpost,24.50,RESTRICTED,0xFEE0E524,CLEARED
LP-CARGO-0101,"Galois Field Coprocessor",Bunker-Bravo-04,Orbital-Tracking-Station,25.23,STANDARD,0x39BF4DD5,IN_TRANSIT
LP-CARGO-0102,"Optical Diode Core",Facility-Gamma-09,High-Sec-Lab-3,25.96,TOP_SECRET,0x749DB686,VERIFIED
LP-CARGO-0103,"Sensor Calibration Array",Silo-Delta-12,Mobile-Command-Alpha,1.69,STANDARD,0xAF7C1F37,QUARANTINED
LP-CARGO-0104,"Lithium Battery Pack",Site-Alpha-01,Arctic-Outpost,2.42,RESTRICTED,0xEA5A87E8,STORED
LP-CARGO-0105,"Cryo Storage Module",Bunker-Bravo-04,Orbital-Tracking-Station,3.15,TOP_SECRET,0x2538F099,CLEARED
LP-CARGO-0106,"Fiber Optic Transceiver",Facility-Gamma-09,High-Sec-Lab-3,3.88,RESTRICTED,0x6017594A,IN_TRANSIT
LP-CARGO-0107,"Galois Field Coprocessor",Silo-Delta-12,Mobile-Command-Alpha,4.61,STANDARD,0x9AF5C1FB,VERIFIED
LP-CARGO-0108,"Optical Diode Core",Site-Alpha-01,Arctic-Outpost,5.34,TOP_SECRET,0xD5D42AAC,QUARANTINED
LP-CARGO-0109,"Sensor Calibration Array",Bunker-Bravo-04,Orbital-Tracking-Station,6.07,STANDARD,0x10B2935D,STORED
LP-CARGO-0110,"Lithium Battery Pack",Facility-Gamma-09,High-Sec-Lab-3,6.80,RESTRICTED,0x4B90FC0E,CLEARED
LP-CARGO-0111,"Cryo Storage Module",Silo-Delta-12,Mobile-Command-Alpha,7.53,TOP_SECRET,0x866F64BF,IN_TRANSIT
LP-CARGO-0112,"Fiber Optic Transceiver",Site-Alpha-01,Arctic-Outpost,8.26,RESTRICTED,0xC14DCD70,VERIFIED
LP-CARGO-0113,"Galois Field Coprocessor",Bunker-Bravo-04,Orbital-Tracking-Station,8.99,STANDARD,0xFC2C3621,QUARANTINED
LP-CARGO-0114,"Optical Diode Core",Facility-Gamma-09,High-Sec-Lab-3,9.72,TOP_SECRET,0x370A9ED2,STORED
LP-CARGO-0115,"Sensor Calibration Array",Silo-Delta-12,Mobile-Command-Alpha,10.45,STANDARD,0x71E90783,CLEARED
LP-CARGO-0116,"Lithium Battery Pack",Site-Alpha-01,Arctic-Outpost,11.18,RESTRICTED,0xACC77034,IN_TRANSIT
LP-CARGO-0117,"Cryo Storage Module",Bunker-Bravo-04,Orbital-Tracking-Station,11.91,TOP_SECRET,0xE7A5D8E5,VERIFIED
LP-CARGO-0118,"Fiber Optic Transceiver",Facility-Gamma-09,High-Sec-Lab-3,12.64,RESTRICTED,0x22844196,QUARANTINED
LP-CARGO-0119,"Galois Field Coprocessor",Silo-Delta-12,Mobile-Command-Alpha,13.37,STANDARD,0x5D62AA47,STORED
LP-CARGO-0120,"Optical Diode Core",Site-Alpha-01,Arctic-Outpost,14.10,TOP_SECRET,0x984112F8,CLEARED
LP-CARGO-0121,"Sensor Calibration Array",Bunker-Bravo-04,Orbital-Tracking-Station,14.83,STANDARD,0xD31F7BA9,IN_TRANSIT
LP-CARGO-0122,"Lithium Battery Pack",Facility-Gamma-09,High-Sec-Lab-3,15.56,RESTRICTED,0x0DFDE45A,VERIFIED
LP-CARGO-0123,"Cryo Storage Module",Silo-Delta-12,Mobile-Command-Alpha,16.29,TOP_SECRET,0x48DC4D0B,QUARANTINED
LP-CARGO-0124,"Fiber Optic Transceiver",Site-Alpha-01,Arctic-Outpost,17.02,RESTRICTED,0x83BAB5BC,STORED
LP-CARGO-0125,"Galois Field Coprocessor",Bunker-Bravo-04,Orbital-Tracking-Station,17.75,STANDARD,0xBE991E6D,CLEARED
LP-CARGO-0126,"Optical Diode Core",Facility-Gamma-09,High-Sec-Lab-3,18.48,TOP_SECRET,0xF977871E,IN_TRANSIT
LP-CARGO-0127,"Sensor Calibration Array",Silo-Delta-12,Mobile-Command-Alpha,19.21,STANDARD,0x3455EFCF,VERIFIED
LP-CARGO-0128,"Lithium Battery Pack",Site-Alpha-01,Arctic-Outpost,19.94,RESTRICTED,0x6F345880,QUARANTINED
LP-CARGO-0129,"Cryo Storage Module",Bunker-Bravo-04,Orbital-Tracking-Station,20.67,TOP_SECRET,0xAA12C131,STORED
LP-CARGO-0130,"Fiber Optic Transceiver",Facility-Gamma-09,High-Sec-Lab-3,21.40,RESTRICTED,0xE4F129E2,CLEARED
LP-CARGO-0131,"Galois Field Coprocessor",Silo-Delta-12,Mobile-Command-Alpha,22.13,STANDARD,0x1FCF9293,IN_TRANSIT
LP-CARGO-0132,"Optical Diode Core",Site-Alpha-01,Arctic-Outpost,22.86,TOP_SECRET,0x5AADFB44,VERIFIED
LP-CARGO-0133,"Sensor Calibration Array",Bunker-Bravo-04,Orbital-Tracking-Station,23.59,STANDARD,0x958C63F5,QUARANTINED
LP-CARGO-0134,"Lithium Battery Pack",Facility-Gamma-09,High-Sec-Lab-3,24.32,RESTRICTED,0xD06ACCA6,STORED
LP-CARGO-0135,"Cryo Storage Module",Silo-Delta-12,Mobile-Command-Alpha,25.05,TOP_SECRET,0x0B493557,CLEARED
LP-CARGO-0136,"Fiber Optic Transceiver",Site-Alpha-01,Arctic-Outpost,25.78,RESTRICTED,0x46279E08,IN_TRANSIT
LP-CARGO-0137,"Galois Field Coprocessor",Bunker-Bravo-04,Orbital-Tracking-Station,1.51,STANDARD,0x810606B9,VERIFIED
LP-CARGO-0138,"Optical Diode Core",Facility-Gamma-09,High-Sec-Lab-3,2.24,TOP_SECRET,0xBBE46F6A,QUARANTINED
LP-CARGO-0139,"Sensor Calibration Array",Silo-Delta-12,Mobile-Command-Alpha,2.97,STANDARD,0xF6C2D81B,STORED
LP-CARGO-0140,"Lithium Battery Pack",Site-Alpha-01,Arctic-Outpost,3.70,RESTRICTED,0x31A140CC,CLEARED
